Old path,Old URL,New URL,Type,Notes
/,https://www.fort.group/,https://www.twenty4.group/,301,Home page
/about,https://www.fort.group/about,https://www.twenty4.group/,301,No equivalent on the holding page yet
/careers,https://www.fort.group/careers,https://www.twenty4.group/,301,No equivalent on the holding page yet
/contact,https://www.fort.group/contact,https://www.twenty4.group/#contact,301,Contact details on the holding page
/esg,https://www.fort.group/esg,https://www.twenty4.group/,301,No equivalent on the holding page yet
/news,https://www.fort.group/news,https://www.twenty4.group/,301,No news section on the holding page yet
/news/a-collective-future%2C-together,https://www.fort.group/news/a-collective-future%2C-together,https://www.twenty4.group/,301,No news on the holding page yet; repoint when the full site launches
/news/alderney’s-millennium-house-opening-party,https://www.fort.group/news/alderney’s-millennium-house-opening-party,https://www.twenty4.group/,301,No news on the holding page yet; repoint when the full site launches
/news/conscious-investing-and-legacies,https://www.fort.group/news/conscious-investing-and-legacies,https://www.twenty4.group/,301,No news on the holding page yet; repoint when the full site launches
/news/family-matters,https://www.fort.group/news/family-matters,https://www.twenty4.group/,301,No news on the holding page yet; repoint when the full site launches
/news/fort-appoints-head-of-risk-%26-compliance-,https://www.fort.group/news/fort-appoints-head-of-risk-%26-compliance-,https://www.twenty4.group/,301,No news on the holding page yet; repoint when the full site launches
/news/fort-appoints-new-chief-financial-officer-,https://www.fort.group/news/fort-appoints-new-chief-financial-officer-,https://www.twenty4.group/,301,No news on the holding page yet; repoint when the full site launches
/news/fort-appoints-new-director,https://www.fort.group/news/fort-appoints-new-director,https://www.twenty4.group/,301,No news on the holding page yet; repoint when the full site launches
/news/fort-appoints-new-head-of-people,https://www.fort.group/news/fort-appoints-new-head-of-people,https://www.twenty4.group/,301,No news on the holding page yet; repoint when the full site launches
/news/fort-expands-presence-in-guernsey-with-strategic-acquisition-of-cogent-limited,https://www.fort.group/news/fort-expands-presence-in-guernsey-with-strategic-acquisition-of-cogent-limited,https://www.twenty4.group/,301,No news on the holding page yet; repoint when the full site launches
/news/fort-is-proud-to-announce-the-following-promotions-across-our-offices,https://www.fort.group/news/fort-is-proud-to-announce-the-following-promotions-across-our-offices,https://www.twenty4.group/,301,No news on the holding page yet; repoint when the full site launches
/news/fort-turns-50!,https://www.fort.group/news/fort-turns-50!,https://www.twenty4.group/,301,No news on the holding page yet; repoint when the full site launches
/news/fort’s-strategic-evolution-through-m%26a-and-integration-excellence,https://www.fort.group/news/fort’s-strategic-evolution-through-m%26a-and-integration-excellence,https://www.twenty4.group/,301,No news on the holding page yet; repoint when the full site launches
/news/it's-all-about-the-people,https://www.fort.group/news/it's-all-about-the-people,https://www.twenty4.group/,301,No news on the holding page yet; repoint when the full site launches
/news/its-all-about-managing-risk,https://www.fort.group/news/its-all-about-managing-risk,https://www.twenty4.group/,301,No news on the holding page yet; repoint when the full site launches
/news/new-year%2C-new-look,https://www.fort.group/news/new-year%2C-new-look,https://www.twenty4.group/,301,No news on the holding page yet; repoint when the full site launches
/news/staying-ahead-of-the-cybersecurity-curve,https://www.fort.group/news/staying-ahead-of-the-cybersecurity-curve,https://www.twenty4.group/,301,No news on the holding page yet; repoint when the full site launches
/news/summer-social,https://www.fort.group/news/summer-social,https://www.twenty4.group/,301,No news on the holding page yet; repoint when the full site launches
/news/why-guernsey-rocks!,https://www.fort.group/news/why-guernsey-rocks!,https://www.twenty4.group/,301,No news on the holding page yet; repoint when the full site launches
/policies,https://www.fort.group/policies,https://www.twenty4.group/policies/,301,Policies index
/policies/complaints,https://www.fort.group/policies/complaints,https://www.twenty4.group/policies/complaints/,301,Same policy on the new site
/policies/privacy-notice,https://www.fort.group/policies/privacy-notice,https://www.twenty4.group/policies/privacy-notice/,301,Same policy on the new site
/policies/regulatory,https://www.fort.group/policies/regulatory,https://www.twenty4.group/policies/regulatory/,301,Same policy on the new site
/policies/terms-and-conditions,https://www.fort.group/policies/terms-and-conditions,https://www.twenty4.group/policies/terms-and-conditions/,301,Same policy on the new site
/services,https://www.fort.group/services,https://www.twenty4.group/,301,No equivalent on the holding page yet
/team,https://www.fort.group/team,https://www.twenty4.group/,301,No team pages on the holding page yet
/team/adele-woodruff,https://www.fort.group/team/adele-woodruff,https://www.twenty4.group/,301,No team pages on the holding page yet; page is noindex
/team/alison-osborne,https://www.fort.group/team/alison-osborne,https://www.twenty4.group/,301,No team pages on the holding page yet; page is noindex
/team/brett-benest,https://www.fort.group/team/brett-benest,https://www.twenty4.group/,301,No team pages on the holding page yet; page is noindex
/team/christopher-daykin,https://www.fort.group/team/christopher-daykin,https://www.twenty4.group/,301,No team pages on the holding page yet; page is noindex
/team/coryn-le-clerc,https://www.fort.group/team/coryn-le-clerc,https://www.twenty4.group/,301,No team pages on the holding page yet; page is noindex
/team/danielle-retz,https://www.fort.group/team/danielle-retz,https://www.twenty4.group/,301,No team pages on the holding page yet; page is noindex
/team/elizabeth-robbins,https://www.fort.group/team/elizabeth-robbins,https://www.twenty4.group/,301,No team pages on the holding page yet; page is noindex
/team/emma-backhouse,https://www.fort.group/team/emma-backhouse,https://www.twenty4.group/,301,No team pages on the holding page yet; page is noindex
/team/glenn-drake,https://www.fort.group/team/glenn-drake,https://www.twenty4.group/,301,No team pages on the holding page yet; page is noindex
/team/graham-mccormack,https://www.fort.group/team/graham-mccormack,https://www.twenty4.group/,301,No team pages on the holding page yet; page is noindex
/team/harry-shields,https://www.fort.group/team/harry-shields,https://www.twenty4.group/,301,No team pages on the holding page yet; page is noindex
/team/hazel-dewsnip,https://www.fort.group/team/hazel-dewsnip,https://www.twenty4.group/,301,No team pages on the holding page yet; page is noindex
/team/ian-kirk,https://www.fort.group/team/ian-kirk,https://www.twenty4.group/,301,No team pages on the holding page yet; page is noindex
/team/jack-castleman,https://www.fort.group/team/jack-castleman,https://www.twenty4.group/,301,No team pages on the holding page yet; page is noindex
/team/jack-martel,https://www.fort.group/team/jack-martel,https://www.twenty4.group/,301,No team pages on the holding page yet; page is noindex
/team/jessica-cox,https://www.fort.group/team/jessica-cox,https://www.twenty4.group/,301,No team pages on the holding page yet; page is noindex
/team/jill-robilliard,https://www.fort.group/team/jill-robilliard,https://www.twenty4.group/,301,No team pages on the holding page yet; page is noindex
/team/jo-duquemin,https://www.fort.group/team/jo-duquemin,https://www.twenty4.group/,301,No team pages on the holding page yet; page is noindex
/team/joe-woodward,https://www.fort.group/team/joe-woodward,https://www.twenty4.group/,301,No team pages on the holding page yet; page is noindex
/team/john-bishop,https://www.fort.group/team/john-bishop,https://www.twenty4.group/,301,No team pages on the holding page yet; page is noindex
/team/katie-rose,https://www.fort.group/team/katie-rose,https://www.twenty4.group/,301,No team pages on the holding page yet; page is noindex
/team/kirsty-philippe,https://www.fort.group/team/kirsty-philippe,https://www.twenty4.group/,301,No team pages on the holding page yet; page is noindex
/team/lauren-lawrence,https://www.fort.group/team/lauren-lawrence,https://www.twenty4.group/,301,No team pages on the holding page yet; page is noindex
/team/lisa-le-ray,https://www.fort.group/team/lisa-le-ray,https://www.twenty4.group/,301,No team pages on the holding page yet; page is noindex
/team/lisette-benest,https://www.fort.group/team/lisette-benest,https://www.twenty4.group/,301,No team pages on the holding page yet; page is noindex
/team/michael-le-page,https://www.fort.group/team/michael-le-page,https://www.twenty4.group/,301,No team pages on the holding page yet; page is noindex
/team/nick-ferris,https://www.fort.group/team/nick-ferris,https://www.twenty4.group/,301,No team pages on the holding page yet; page is noindex
/team/paul-backhouse,https://www.fort.group/team/paul-backhouse,https://www.twenty4.group/,301,No team pages on the holding page yet; page is noindex
/team/penny-ball,https://www.fort.group/team/penny-ball,https://www.twenty4.group/,301,No team pages on the holding page yet; page is noindex
/team/rené-martel,https://www.fort.group/team/rené-martel,https://www.twenty4.group/,301,No team pages on the holding page yet; page is noindex
/team/rhian-miles,https://www.fort.group/team/rhian-miles,https://www.twenty4.group/,301,No team pages on the holding page yet; page is noindex
/team/rob-titterington,https://www.fort.group/team/rob-titterington,https://www.twenty4.group/,301,No team pages on the holding page yet; page is noindex
/team/ryan-noone,https://www.fort.group/team/ryan-noone,https://www.twenty4.group/,301,No team pages on the holding page yet; page is noindex
/team/sadie-harris,https://www.fort.group/team/sadie-harris,https://www.twenty4.group/,301,No team pages on the holding page yet; page is noindex
/team/sharon-hughes,https://www.fort.group/team/sharon-hughes,https://www.twenty4.group/,301,No team pages on the holding page yet; page is noindex
/team/simon-luxon,https://www.fort.group/team/simon-luxon,https://www.twenty4.group/,301,No team pages on the holding page yet; page is noindex
/team/szilvia-powley,https://www.fort.group/team/szilvia-powley,https://www.twenty4.group/,301,No team pages on the holding page yet; page is noindex
/team/will-annan,https://www.fort.group/team/will-annan,https://www.twenty4.group/,301,No team pages on the holding page yet; page is noindex
