Old URL,New URL
/about,https://www.twenty4.group/
/careers,https://www.twenty4.group/
/contact,https://www.twenty4.group/#contact
/esg,https://www.twenty4.group/
/news,https://www.twenty4.group/
/news/a-collective-future%2C-together,https://www.twenty4.group/
/news/alderney’s-millennium-house-opening-party,https://www.twenty4.group/
/news/conscious-investing-and-legacies,https://www.twenty4.group/
/news/family-matters,https://www.twenty4.group/
/news/fort-appoints-head-of-risk-%26-compliance-,https://www.twenty4.group/
/news/fort-appoints-new-chief-financial-officer-,https://www.twenty4.group/
/news/fort-appoints-new-director,https://www.twenty4.group/
/news/fort-appoints-new-head-of-people,https://www.twenty4.group/
/news/fort-expands-presence-in-guernsey-with-strategic-acquisition-of-cogent-limited,https://www.twenty4.group/
/news/fort-is-proud-to-announce-the-following-promotions-across-our-offices,https://www.twenty4.group/
/news/fort-turns-50!,https://www.twenty4.group/
/news/fort’s-strategic-evolution-through-m%26a-and-integration-excellence,https://www.twenty4.group/
/news/it's-all-about-the-people,https://www.twenty4.group/
/news/its-all-about-managing-risk,https://www.twenty4.group/
/news/new-year%2C-new-look,https://www.twenty4.group/
/news/staying-ahead-of-the-cybersecurity-curve,https://www.twenty4.group/
/news/summer-social,https://www.twenty4.group/
/news/why-guernsey-rocks!,https://www.twenty4.group/
/policies,https://www.twenty4.group/policies/
/policies/complaints,https://www.twenty4.group/policies/complaints/
/policies/privacy-notice,https://www.twenty4.group/policies/privacy-notice/
/policies/regulatory,https://www.twenty4.group/policies/regulatory/
/policies/terms-and-conditions,https://www.twenty4.group/policies/terms-and-conditions/
/services,https://www.twenty4.group/
/team,https://www.twenty4.group/
/team/adele-woodruff,https://www.twenty4.group/
/team/alison-osborne,https://www.twenty4.group/
/team/brett-benest,https://www.twenty4.group/
/team/christopher-daykin,https://www.twenty4.group/
/team/coryn-le-clerc,https://www.twenty4.group/
/team/danielle-retz,https://www.twenty4.group/
/team/elizabeth-robbins,https://www.twenty4.group/
/team/emma-backhouse,https://www.twenty4.group/
/team/glenn-drake,https://www.twenty4.group/
/team/graham-mccormack,https://www.twenty4.group/
/team/harry-shields,https://www.twenty4.group/
/team/hazel-dewsnip,https://www.twenty4.group/
/team/ian-kirk,https://www.twenty4.group/
/team/jack-castleman,https://www.twenty4.group/
/team/jack-martel,https://www.twenty4.group/
/team/jessica-cox,https://www.twenty4.group/
/team/jill-robilliard,https://www.twenty4.group/
/team/jo-duquemin,https://www.twenty4.group/
/team/joe-woodward,https://www.twenty4.group/
/team/john-bishop,https://www.twenty4.group/
/team/katie-rose,https://www.twenty4.group/
/team/kirsty-philippe,https://www.twenty4.group/
/team/lauren-lawrence,https://www.twenty4.group/
/team/lisa-le-ray,https://www.twenty4.group/
/team/lisette-benest,https://www.twenty4.group/
/team/michael-le-page,https://www.twenty4.group/
/team/nick-ferris,https://www.twenty4.group/
/team/paul-backhouse,https://www.twenty4.group/
/team/penny-ball,https://www.twenty4.group/
/team/rené-martel,https://www.twenty4.group/
/team/rhian-miles,https://www.twenty4.group/
/team/rob-titterington,https://www.twenty4.group/
/team/ryan-noone,https://www.twenty4.group/
/team/sadie-harris,https://www.twenty4.group/
/team/sharon-hughes,https://www.twenty4.group/
/team/simon-luxon,https://www.twenty4.group/
/team/szilvia-powley,https://www.twenty4.group/
/team/will-annan,https://www.twenty4.group/
